               epoch,      train/box_loss,      train/obj_loss,      train/cls_loss,   metrics/precision,      metrics/recall,     metrics/mAP_0.5,metrics/mAP_0.5:0.95,        val/box_loss,        val/obj_loss,        val/cls_loss,               x/lr0,               x/lr1,               x/lr2
                   0,            0.069633,            0.027013,            0.036227,             0.39878,             0.77852,             0.60496,             0.20524,             0.02004,           0.0077132,            0.012511,            0.070469,           0.0032813,           0.0032813
                   1,            0.044779,            0.016813,            0.023818,             0.80274,             0.95293,             0.91875,             0.57479,            0.012426,            0.004471,           0.0053314,            0.040461,           0.0066064,           0.0066064
                   2,            0.044583,            0.011514,            0.011875,             0.66191,             0.98611,             0.89537,             0.54721,            0.016009,           0.0031191,           0.0017473,            0.010444,           0.0099233,           0.0099233
                   3,            0.044151,            0.009917,           0.0071291,             0.91237,                   1,               0.995,               0.629,            0.011902,            0.002954,            0.001382,           0.0099629,           0.0099629,           0.0099629
                   4,             0.03871,           0.0092105,           0.0078793,             0.80627,             0.93247,             0.97057,             0.81283,            0.011095,           0.0028413,          0.00090206,           0.0099629,           0.0099629,           0.0099629
                   5,            0.036031,           0.0084398,           0.0072295,             0.87321,                   1,             0.99334,             0.74214,           0.0099523,           0.0027933,           0.0008506,           0.0099505,           0.0099505,           0.0099505
                   6,            0.032236,           0.0081756,           0.0046633,             0.87659,             0.98611,             0.97672,             0.80578,           0.0098006,           0.0022299,          0.00069086,           0.0099381,           0.0099381,           0.0099381
                   7,            0.032366,            0.007585,           0.0065959,             0.84192,                   1,               0.995,              0.7667,           0.0074468,            0.002619,           0.0027048,           0.0099258,           0.0099258,           0.0099258
                   8,            0.033667,           0.0076307,           0.0044731,             0.99515,             0.99653,             0.99497,             0.75045,            0.010224,            0.002014,          0.00051607,           0.0099134,           0.0099134,           0.0099134
                   9,            0.030896,           0.0070839,           0.0049286,             0.99295,             0.99298,               0.995,             0.91774,           0.0057919,           0.0017419,           0.0013436,            0.009901,            0.009901,            0.009901
                  10,            0.026929,           0.0068143,           0.0036346,             0.99846,                   1,               0.995,             0.89175,           0.0060035,           0.0017977,          0.00059483,           0.0098886,           0.0098886,           0.0098886
                  11,            0.025425,            0.006859,           0.0032469,             0.99237,                0.75,             0.76616,             0.68902,           0.0087704,           0.0069866,           0.0091307,           0.0098763,           0.0098763,           0.0098763
                  12,            0.024047,           0.0066777,           0.0026609,             0.99865,                   1,               0.995,             0.84316,           0.0065091,           0.0018929,          0.00045137,           0.0098639,           0.0098639,           0.0098639
                  13,            0.023998,           0.0066546,           0.0028156,             0.98482,             0.99769,               0.995,             0.86455,           0.0060305,           0.0020714,            0.001473,           0.0098515,           0.0098515,           0.0098515
                  14,            0.024313,            0.006654,           0.0027134,             0.99838,                   1,               0.995,             0.90599,           0.0044259,           0.0016929,          0.00050817,           0.0098391,           0.0098391,           0.0098391
                  15,            0.023292,           0.0065091,           0.0047434,             0.99729,             0.99782,               0.995,             0.90869,           0.0040832,            0.001877,          0.00045105,           0.0098268,           0.0098268,           0.0098268
                  16,            0.023093,           0.0064334,           0.0022102,             0.99822,                   1,               0.995,             0.93074,           0.0051332,           0.0016633,          0.00041044,           0.0098144,           0.0098144,           0.0098144
                  17,            0.022202,           0.0060099,           0.0040163,             0.99266,                   1,               0.995,              0.9246,           0.0044536,            0.001629,          0.00038418,            0.009802,            0.009802,            0.009802
                  18,            0.023504,           0.0061708,           0.0026626,             0.99244,                   1,               0.995,             0.82441,           0.0060158,           0.0020422,          0.00080147,           0.0097896,           0.0097896,           0.0097896
                  19,            0.022787,           0.0061911,            0.002593,             0.99875,                   1,               0.995,             0.95013,           0.0038786,           0.0015459,          0.00036049,           0.0097773,           0.0097773,           0.0097773
                  20,            0.020707,           0.0061029,           0.0021127,             0.99816,                   1,               0.995,              0.9132,           0.0042094,           0.0015878,          0.00047054,           0.0097649,           0.0097649,           0.0097649
                  21,            0.023594,           0.0059048,           0.0032503,              0.9981,                   1,               0.995,             0.91194,           0.0038709,           0.0014564,          0.00032797,           0.0097525,           0.0097525,           0.0097525
                  22,            0.020921,           0.0058554,           0.0025959,             0.99881,                   1,               0.995,             0.94409,           0.0043895,           0.0015428,          0.00032358,           0.0097401,           0.0097401,           0.0097401
                  23,             0.02141,           0.0058861,           0.0019996,             0.99871,                   1,               0.995,             0.93975,           0.0043501,           0.0014313,          0.00039717,           0.0097278,           0.0097278,           0.0097278
                  24,            0.022822,           0.0061693,           0.0020554,             0.99884,                   1,               0.995,             0.88602,           0.0052528,            0.001492,          0.00026094,           0.0097154,           0.0097154,           0.0097154
                  25,            0.019781,           0.0057024,           0.0015572,             0.99814,                   1,               0.995,             0.92206,           0.0036658,           0.0014054,          0.00031294,            0.009703,            0.009703,            0.009703
                  26,            0.023845,           0.0057162,           0.0026943,             0.99861,                   1,               0.995,             0.93376,           0.0033428,           0.0014225,          0.00055859,           0.0096906,           0.0096906,           0.0096906
                  27,             0.02006,           0.0061084,           0.0020511,             0.99839,                   1,               0.995,             0.94321,           0.0033267,           0.0014522,          0.00029873,           0.0096783,           0.0096783,           0.0096783
                  28,             0.02176,           0.0059383,           0.0027558,             0.99854,                   1,               0.995,             0.93625,           0.0046929,           0.0013772,          0.00031784,           0.0096659,           0.0096659,           0.0096659
                  29,            0.019943,           0.0057818,           0.0014445,             0.99865,                   1,               0.995,             0.95479,           0.0030913,            0.001364,          0.00038811,           0.0096535,           0.0096535,           0.0096535
                  30,            0.021401,           0.0057769,           0.0012067,             0.99904,                   1,               0.995,             0.93164,           0.0038136,           0.0017645,          0.00036963,           0.0096411,           0.0096411,           0.0096411
                  31,            0.022183,           0.0052888,           0.0011517,             0.99827,                   1,               0.995,             0.95084,           0.0035287,            0.001318,          0.00032896,           0.0096288,           0.0096288,           0.0096288
                  32,             0.01855,           0.0049444,           0.0019679,             0.99767,                   1,               0.995,             0.95945,           0.0031881,           0.0014323,          0.00020983,           0.0096164,           0.0096164,           0.0096164
                  33,            0.021741,           0.0053001,           0.0013847,             0.99808,                   1,               0.995,             0.94918,           0.0033673,           0.0013764,          0.00029352,            0.009604,            0.009604,            0.009604
                  34,            0.023365,           0.0055526,           0.0026505,             0.99833,                   1,               0.995,             0.90385,           0.0043225,           0.0014713,          0.00023298,           0.0095916,           0.0095916,           0.0095916
                  35,            0.017458,           0.0051492,           0.0015597,             0.99885,                   1,               0.995,              0.9518,           0.0030272,           0.0013006,          0.00034309,           0.0095793,           0.0095793,           0.0095793
                  36,            0.016586,           0.0051052,           0.0026801,             0.99881,                   1,               0.995,             0.93763,            0.002764,           0.0012743,          0.00028389,           0.0095669,           0.0095669,           0.0095669
                  37,            0.019911,            0.004964,           0.0017485,             0.99868,                   1,               0.995,             0.96663,           0.0024369,           0.0011634,          0.00029366,           0.0095545,           0.0095545,           0.0095545
                  38,             0.02113,           0.0052563,           0.0013581,             0.99817,                   1,               0.995,             0.95232,           0.0027684,           0.0012256,          0.00034525,           0.0095421,           0.0095421,           0.0095421
                  39,            0.018671,           0.0048624,           0.0013493,             0.99758,                   1,               0.995,             0.96295,           0.0026999,           0.0013777,          0.00027439,           0.0095298,           0.0095298,           0.0095298
                  40,             0.01628,            0.004955,           0.0020736,             0.99876,             0.99992,               0.995,             0.95686,            0.003021,           0.0013254,          0.00027052,           0.0095174,           0.0095174,           0.0095174
                  41,            0.019277,           0.0048136,           0.0015199,             0.99879,                   1,               0.995,             0.96163,           0.0026824,           0.0012341,          0.00026775,            0.009505,            0.009505,            0.009505
                  42,            0.019665,            0.005368,           0.0023194,             0.99885,                   1,               0.995,             0.96087,           0.0023575,           0.0013077,          0.00028852,           0.0094926,           0.0094926,           0.0094926
                  43,            0.019474,           0.0050635,           0.0018021,             0.99872,                   1,               0.995,             0.95857,           0.0029162,           0.0013228,          0.00029999,           0.0094803,           0.0094803,           0.0094803
                  44,            0.018579,           0.0054718,           0.0031474,             0.99845,                   1,               0.995,              0.9548,           0.0034233,           0.0013748,          0.00025155,           0.0094679,           0.0094679,           0.0094679
                  45,            0.019614,           0.0053915,           0.0019297,             0.99493,             0.99726,               0.995,             0.94909,           0.0028973,           0.0015868,          0.00025821,           0.0094555,           0.0094555,           0.0094555
                  46,             0.01951,           0.0053688,           0.0014177,             0.99843,                   1,               0.995,             0.96866,           0.0023423,           0.0011987,          0.00021699,           0.0094431,           0.0094431,           0.0094431
                  47,            0.019608,           0.0053664,           0.0014629,             0.99876,                   1,               0.995,             0.96247,           0.0028216,           0.0012899,          0.00018477,           0.0094307,           0.0094307,           0.0094307
                  48,            0.018834,           0.0051561,           0.0028837,             0.99879,                   1,               0.995,             0.94223,           0.0025812,           0.0011511,          0.00023142,           0.0094184,           0.0094184,           0.0094184
                  49,            0.017264,           0.0052407,           0.0010037,             0.99846,                   1,               0.995,             0.94839,           0.0038247,           0.0012745,          0.00019528,            0.009406,            0.009406,            0.009406
                  50,            0.016798,           0.0048782,          0.00091377,              0.9982,                   1,               0.995,             0.96185,           0.0025587,           0.0012633,          0.00019267,           0.0093936,           0.0093936,           0.0093936
                  51,            0.016752,           0.0049075,             0.00095,             0.99872,                   1,               0.995,               0.946,           0.0029939,           0.0012445,          0.00023874,           0.0093813,           0.0093813,           0.0093813
                  52,            0.016996,           0.0050519,           0.0015708,             0.99855,                   1,               0.995,             0.94179,           0.0029152,           0.0012098,          0.00021515,           0.0093689,           0.0093689,           0.0093689
                  53,            0.016585,           0.0048193,           0.0019878,             0.99846,                   1,               0.995,             0.95865,           0.0030562,           0.0011932,          0.00020706,           0.0093565,           0.0093565,           0.0093565
                  54,            0.016775,           0.0046849,           0.0011565,             0.99864,                   1,               0.995,             0.96651,           0.0022312,           0.0011595,          0.00019814,           0.0093441,           0.0093441,           0.0093441
                  55,            0.018813,           0.0051672,           0.0010911,             0.99859,                   1,               0.995,             0.95715,           0.0022201,           0.0010727,          0.00022543,           0.0093317,           0.0093317,           0.0093317
                  56,            0.017792,           0.0049989,           0.0017342,             0.99852,                   1,               0.995,             0.96582,           0.0023605,           0.0011098,          0.00034351,           0.0093194,           0.0093194,           0.0093194
                  57,            0.017881,           0.0049623,            0.001801,             0.99861,                   1,               0.995,             0.96411,           0.0027392,           0.0011872,           0.0001563,            0.009307,            0.009307,            0.009307
                  58,            0.014286,           0.0047004,           0.0016105,             0.99885,                   1,               0.995,             0.95817,           0.0027115,           0.0011502,          0.00027483,           0.0092946,           0.0092946,           0.0092946
                  59,            0.017322,           0.0050572,           0.0019465,             0.99878,                   1,               0.995,             0.96602,           0.0022661,            0.001238,          0.00019839,           0.0092823,           0.0092823,           0.0092823
                  60,            0.017475,           0.0050001,           0.0019649,             0.99002,             0.83858,             0.88514,             0.83528,           0.0044461,           0.0068264,          0.00071307,           0.0092699,           0.0092699,           0.0092699
                  61,            0.016876,           0.0049981,           0.0027841,             0.99736,                   1,               0.995,             0.96766,           0.0021292,           0.0011768,           0.0002319,           0.0092575,           0.0092575,           0.0092575
                  62,            0.019504,           0.0051917,           0.0018403,             0.99852,                   1,               0.995,             0.95849,           0.0023646,           0.0012139,           0.0001727,           0.0092451,           0.0092451,           0.0092451
                  63,            0.016135,           0.0051009,           0.0021302,              0.9988,                   1,               0.995,             0.96753,           0.0023291,           0.0013479,           0.0002196,           0.0092327,           0.0092327,           0.0092327
                  64,            0.014977,           0.0048888,           0.0011225,             0.99809,             0.99982,               0.995,             0.96355,           0.0027034,           0.0011762,          0.00022514,           0.0092204,           0.0092204,           0.0092204
                  65,            0.015508,           0.0050325,          0.00087593,              0.9987,                   1,               0.995,             0.95776,           0.0025191,           0.0011453,           0.0001654,            0.009208,            0.009208,            0.009208
                  66,            0.016752,           0.0048349,           0.0012163,             0.99865,                   1,               0.995,             0.93761,           0.0030771,           0.0012015,          0.00018157,           0.0091956,           0.0091956,           0.0091956
                  67,            0.014973,            0.004862,           0.0013241,             0.99831,                   1,               0.995,             0.96995,           0.0020942,           0.0011279,          0.00019438,           0.0091833,           0.0091833,           0.0091833
                  68,            0.014733,           0.0047143,          0.00069726,             0.99877,                   1,               0.995,             0.97238,           0.0019559,           0.0011171,          0.00018325,           0.0091709,           0.0091709,           0.0091709
                  69,            0.014414,           0.0045991,           0.0013238,             0.99881,                   1,               0.995,             0.96616,           0.0022321,            0.001196,          0.00025573,           0.0091585,           0.0091585,           0.0091585
                  70,            0.015566,           0.0046881,           0.0013018,             0.99889,                   1,               0.995,             0.96966,            0.002302,           0.0011243,            0.000269,           0.0091461,           0.0091461,           0.0091461
                  71,            0.015856,           0.0047607,          0.00098493,             0.99884,                   1,               0.995,             0.96906,           0.0019621,            0.001113,          0.00016509,           0.0091337,           0.0091337,           0.0091337
                  72,            0.018466,           0.0048186,           0.0010501,             0.99849,                   1,               0.995,             0.96467,           0.0021657,           0.0011133,          0.00022445,           0.0091214,           0.0091214,           0.0091214
                  73,            0.013345,           0.0042856,           0.0011149,             0.99883,                   1,               0.995,             0.97071,           0.0022983,            0.001144,          0.00020097,            0.009109,            0.009109,            0.009109
                  74,            0.014809,           0.0044622,           0.0010615,             0.99913,                   1,               0.995,             0.97204,           0.0026414,           0.0011523,          0.00018073,           0.0090966,           0.0090966,           0.0090966
                  75,            0.015924,           0.0047593,           0.0017599,             0.99868,                   1,               0.995,             0.96107,           0.0024851,           0.0013596,          0.00019371,           0.0090843,           0.0090843,           0.0090843
                  76,            0.014689,           0.0048568,           0.0013739,             0.99857,                   1,               0.995,             0.96977,           0.0021215,           0.0011047,           0.0002257,           0.0090719,           0.0090719,           0.0090719
                  77,            0.017142,            0.004906,           0.0019111,             0.99028,             0.89097,             0.92674,             0.87788,            0.004156,           0.0062794,          0.00046523,           0.0090595,           0.0090595,           0.0090595
                  78,            0.016896,           0.0048949,           0.0027142,              0.9991,                   1,               0.995,             0.96806,            0.002395,           0.0011414,            0.000223,           0.0090471,           0.0090471,           0.0090471
                  79,            0.013868,           0.0048726,           0.0019077,             0.99899,                   1,               0.995,             0.96485,           0.0024937,           0.0011801,          0.00014699,           0.0090347,           0.0090347,           0.0090347
                  80,            0.015932,           0.0049573,           0.0018703,              0.9988,                   1,               0.995,             0.97205,           0.0022855,           0.0011515,          0.00023286,           0.0090224,           0.0090224,           0.0090224
                  81,            0.015525,           0.0047273,           0.0011472,             0.99874,                   1,               0.995,             0.96156,           0.0023625,           0.0012188,          0.00017627,             0.00901,             0.00901,             0.00901
                  82,            0.016061,           0.0047858,           0.0016597,              0.9987,                   1,               0.995,             0.95744,           0.0025285,           0.0011098,          0.00013391,           0.0089976,           0.0089976,           0.0089976
                  83,            0.015132,            0.004796,          0.00090808,             0.99892,                   1,               0.995,             0.97237,           0.0025894,           0.0011614,          0.00017194,           0.0089853,           0.0089853,           0.0089853
                  84,            0.013237,           0.0045073,           0.0007997,             0.99826,                   1,               0.995,              0.9681,           0.0022299,           0.0012898,          0.00017757,           0.0089729,           0.0089729,           0.0089729
                  85,            0.015126,           0.0045969,           0.0016041,             0.99869,                   1,               0.995,             0.97058,           0.0020131,           0.0010788,          0.00019279,           0.0089605,           0.0089605,           0.0089605
                  86,            0.013332,           0.0046009,           0.0010635,             0.99838,                   1,               0.995,             0.97378,           0.0018826,           0.0010228,          0.00013228,           0.0089481,           0.0089481,           0.0089481
                  87,            0.013699,           0.0045321,            0.001008,             0.99855,                   1,               0.995,             0.97411,           0.0018698,           0.0010008,          0.00014727,           0.0089358,           0.0089358,           0.0089358
                  88,            0.014399,           0.0042822,           0.0012849,             0.99867,                   1,               0.995,               0.974,           0.0020969,           0.0010627,          0.00023023,           0.0089234,           0.0089234,           0.0089234
                  89,            0.013377,           0.0044832,           0.0010515,             0.99856,                   1,               0.995,             0.97272,           0.0021061,           0.0010637,          0.00015308,            0.008911,            0.008911,            0.008911
                  90,            0.013492,           0.0044315,          0.00070101,             0.99833,                   1,               0.995,             0.96943,           0.0019703,           0.0010842,          0.00014578,           0.0088986,           0.0088986,           0.0088986
                  91,            0.013709,           0.0044755,          0.00072922,             0.99849,                   1,               0.995,             0.97431,           0.0020924,           0.0010515,          0.00014277,           0.0088863,           0.0088863,           0.0088863
                  92,            0.013653,            0.004631,          0.00081073,             0.99868,                   1,               0.995,             0.97189,           0.0020131,           0.0010508,          0.00013738,           0.0088739,           0.0088739,           0.0088739
                  93,            0.013295,           0.0042912,           0.0010171,             0.99874,                   1,               0.995,              0.9723,           0.0020887,           0.0010592,          0.00019125,           0.0088615,           0.0088615,           0.0088615
                  94,            0.014393,            0.004309,           0.0018432,              0.9989,                   1,               0.995,             0.97888,           0.0017953,           0.0010065,          0.00011889,           0.0088491,           0.0088491,           0.0088491
                  95,            0.015144,           0.0044093,           0.0015128,             0.99822,                   1,               0.995,             0.96693,           0.0020528,           0.0011246,          0.00016685,           0.0088368,           0.0088368,           0.0088368
                  96,            0.015039,           0.0044626,           0.0013063,              0.9987,                   1,               0.995,             0.97342,            0.002167,           0.0010487,          0.00018284,           0.0088244,           0.0088244,           0.0088244
                  97,            0.012326,           0.0044517,          0.00060653,             0.99855,                   1,               0.995,             0.96394,           0.0020883,           0.0010875,           0.0001708,            0.008812,            0.008812,            0.008812
                  98,            0.014672,           0.0045675,           0.0011915,             0.99877,                   1,               0.995,             0.97209,           0.0018202,           0.0010755,          0.00015168,           0.0087996,           0.0087996,           0.0087996
                  99,            0.013042,           0.0046443,           0.0014372,             0.99869,                   1,               0.995,             0.97413,           0.0021136,           0.0010644,          0.00012546,           0.0087872,           0.0087872,           0.0087872
                 100,            0.013518,           0.0043632,           0.0013543,             0.99884,                   1,               0.995,             0.97356,           0.0019409,           0.0011171,          0.00013893,           0.0087749,           0.0087749,           0.0087749
                 101,            0.012656,           0.0044452,           0.0010831,             0.99824,                   1,               0.995,             0.97523,           0.0018979,           0.0011464,          0.00013875,           0.0087625,           0.0087625,           0.0087625
                 102,            0.012874,           0.0043286,            0.001183,             0.99801,                   1,               0.995,             0.97278,           0.0019059,           0.0010376,          0.00018387,           0.0087501,           0.0087501,           0.0087501
                 103,            0.012585,           0.0044236,          0.00093246,             0.99834,                   1,               0.995,             0.96887,           0.0020654,           0.0010732,          0.00015959,           0.0087378,           0.0087378,           0.0087378
                 104,            0.012155,           0.0045737,           0.0017654,             0.99896,                   1,               0.995,             0.97325,           0.0019362,           0.0011182,          0.00015774,           0.0087254,           0.0087254,           0.0087254
                 105,            0.010682,             0.00441,           0.0006461,             0.99871,                   1,               0.995,             0.97664,           0.0019381,           0.0010468,           0.0001687,            0.008713,            0.008713,            0.008713
                 106,            0.013029,           0.0044866,          0.00078803,             0.99889,                   1,               0.995,             0.97457,            0.002107,           0.0010544,          0.00011798,           0.0087006,           0.0087006,           0.0087006
                 107,            0.010177,           0.0042536,          0.00078058,             0.99882,                   1,               0.995,             0.96258,           0.0019547,            0.001089,           0.0001917,           0.0086882,           0.0086882,           0.0086882
                 108,              0.0142,           0.0045896,          0.00090011,             0.99864,                   1,               0.995,             0.97147,           0.0021493,           0.0010485,          0.00014594,           0.0086759,           0.0086759,           0.0086759
                 109,            0.013275,           0.0043588,          0.00085807,             0.99812,                   1,               0.995,             0.96987,             0.00216,           0.0010625,          0.00017578,           0.0086635,           0.0086635,           0.0086635
                 110,            0.012757,           0.0044729,           0.0013507,             0.99826,                   1,               0.995,             0.97415,           0.0021407,           0.0010903,          0.00019238,           0.0086511,           0.0086511,           0.0086511
                 111,            0.014337,           0.0043633,           0.0019527,             0.99842,                   1,               0.995,             0.97357,           0.0017504,           0.0010779,          0.00012965,           0.0086388,           0.0086388,           0.0086388
                 112,            0.012483,           0.0044218,           0.0017497,             0.99862,                   1,               0.995,             0.95864,           0.0022613,           0.0011713,          0.00016297,           0.0086264,           0.0086264,           0.0086264
                 113,            0.012027,           0.0047673,             0.00102,             0.99501,             0.99942,               0.995,             0.96072,           0.0023566,           0.0012862,          0.00017442,            0.008614,            0.008614,            0.008614
                 114,            0.011771,           0.0045374,          0.00077249,              0.9988,                   1,               0.995,             0.97436,           0.0018568,           0.0010204,          0.00013493,           0.0086016,           0.0086016,           0.0086016
                 115,            0.012001,            0.004314,          0.00085319,             0.99826,                   1,               0.995,             0.97452,            0.001855,           0.0010893,          0.00014299,           0.0085893,           0.0085893,           0.0085893
                 116,             0.01189,           0.0043745,           0.0022639,             0.99831,                   1,               0.995,             0.97499,           0.0018774,           0.0011193,          0.00014182,           0.0085769,           0.0085769,           0.0085769
                 117,            0.012723,           0.0044946,           0.0010282,             0.99836,                   1,               0.995,             0.96715,           0.0021207,           0.0010741,          0.00017527,           0.0085645,           0.0085645,           0.0085645
                 118,            0.011909,            0.004472,           0.0011843,             0.99872,                   1,               0.995,              0.9679,           0.0018151,            0.001093,          0.00014256,           0.0085521,           0.0085521,           0.0085521
                 119,            0.012139,           0.0041483,          0.00086088,             0.99845,                   1,               0.995,             0.96966,           0.0017952,           0.0010224,          0.00019848,           0.0085398,           0.0085398,           0.0085398
                 120,            0.012393,           0.0043607,          0.00058172,             0.99833,                   1,               0.995,              0.9732,           0.0017516,           0.0011318,          0.00012037,           0.0085274,           0.0085274,           0.0085274
                 121,            0.013684,           0.0044638,           0.0013448,              0.9983,                   1,               0.995,             0.97581,           0.0018441,           0.0010118,          0.00011937,            0.008515,            0.008515,            0.008515
                 122,            0.011348,           0.0042113,           0.0015246,             0.99848,                   1,               0.995,             0.97805,           0.0017368,           0.0010336,          0.00016475,           0.0085026,           0.0085026,           0.0085026
                 123,            0.011457,           0.0044508,           0.0014833,             0.99861,                   1,               0.995,             0.97657,           0.0017525,            0.001047,          0.00011525,           0.0084903,           0.0084903,           0.0084903
                 124,             0.01127,            0.004372,           0.0010363,             0.99847,                   1,               0.995,             0.97501,           0.0020048,           0.0010712,          0.00014759,           0.0084779,           0.0084779,           0.0084779
                 125,            0.012027,            0.004334,          0.00077299,             0.99853,                   1,               0.995,             0.97531,           0.0017413,          0.00097136,          0.00011442,           0.0084655,           0.0084655,           0.0084655
                 126,            0.012319,           0.0042792,           0.0018374,             0.99851,                   1,               0.995,             0.97503,           0.0019594,          0.00099998,          0.00011187,           0.0084531,           0.0084531,           0.0084531
                 127,            0.012912,           0.0043133,           0.0010714,             0.99881,                   1,               0.995,              0.9776,           0.0017564,          0.00096521,          0.00015949,           0.0084408,           0.0084408,           0.0084408
                 128,            0.013005,           0.0042611,          0.00066537,              0.9983,                   1,               0.995,             0.97308,           0.0017253,          0.00099407,          0.00014942,           0.0084284,           0.0084284,           0.0084284
                 129,            0.012104,           0.0041201,          0.00060723,             0.99797,                   1,               0.995,             0.97697,           0.0017633,           0.0010675,          0.00014895,            0.008416,            0.008416,            0.008416
                 130,            0.012218,           0.0041347,          0.00080432,             0.99909,                   1,               0.995,             0.97543,           0.0018345,           0.0010094,          0.00011745,           0.0084036,           0.0084036,           0.0084036
                 131,            0.012992,           0.0043184,          0.00085221,             0.99807,                   1,               0.995,             0.97374,           0.0021013,           0.0010221,           0.0001331,           0.0083913,           0.0083913,           0.0083913
                 132,            0.012782,            0.004296,          0.00083879,             0.99846,                   1,               0.995,             0.96956,           0.0020716,           0.0010133,          0.00017966,           0.0083789,           0.0083789,           0.0083789
                 133,            0.011763,            0.004091,          0.00062333,              0.9986,                   1,               0.995,             0.97311,           0.0021663,            0.001068,          0.00014393,           0.0083665,           0.0083665,           0.0083665
                 134,            0.011739,           0.0042987,           0.0011068,             0.99887,                   1,               0.995,             0.97074,           0.0020763,           0.0011037,          0.00012462,           0.0083541,           0.0083541,           0.0083541
                 135,            0.011442,           0.0044382,          0.00069971,             0.99828,                   1,               0.995,             0.97592,           0.0016917,           0.0010194,          0.00014791,           0.0083418,           0.0083418,           0.0083418
                 136,            0.012156,           0.0041012,           0.0006847,             0.99848,                   1,               0.995,             0.97567,           0.0016568,           0.0010483,          0.00012224,           0.0083294,           0.0083294,           0.0083294
                 137,            0.013764,           0.0044729,           0.0012066,              0.9971,             0.99953,               0.995,             0.97575,           0.0017647,           0.0010421,          0.00013241,            0.008317,            0.008317,            0.008317
                 138,            0.010986,           0.0041154,           0.0010916,             0.99874,                   1,               0.995,             0.97259,           0.0018302,           0.0010419,          0.00012265,           0.0083046,           0.0083046,           0.0083046
                 139,            0.011647,           0.0042643,           0.0015766,             0.99867,                   1,               0.995,             0.97417,           0.0016587,           0.0009999,          0.00012408,           0.0082922,           0.0082922,           0.0082922
                 140,            0.010905,           0.0042035,          0.00086401,             0.99878,                   1,               0.995,             0.96817,           0.0019512,           0.0010512,          0.00010881,           0.0082799,           0.0082799,           0.0082799
                 141,            0.011232,            0.004106,           0.0014793,              0.9987,                   1,               0.995,             0.97462,           0.0017799,           0.0010315,          0.00012905,           0.0082675,           0.0082675,           0.0082675
                 142,            0.012808,           0.0040961,            0.001277,             0.99883,                   1,               0.995,             0.97177,           0.0017938,           0.0010155,          0.00015517,           0.0082551,           0.0082551,           0.0082551
                 143,            0.011693,           0.0042766,           0.0011067,             0.99845,                   1,               0.995,             0.97532,           0.0018649,           0.0011074,          0.00010659,           0.0082428,           0.0082428,           0.0082428
                 144,            0.012992,           0.0044233,          0.00090699,             0.99867,                   1,               0.995,             0.97065,            0.001774,           0.0009896,          0.00014887,           0.0082304,           0.0082304,           0.0082304
                 145,            0.010994,           0.0043354,          0.00060844,             0.99885,                   1,               0.995,             0.97124,           0.0018649,           0.0010661,          0.00014032,            0.008218,            0.008218,            0.008218
                 146,            0.010756,           0.0043046,          0.00054637,             0.99854,                   1,               0.995,             0.96812,           0.0017484,           0.0010428,          0.00010386,           0.0082056,           0.0082056,           0.0082056
                 147,            0.011552,            0.004133,          0.00057893,             0.99875,                   1,               0.995,             0.97301,           0.0018219,          0.00099962,          0.00013371,           0.0081932,           0.0081932,           0.0081932
                 148,            0.011442,           0.0041726,           0.0010253,             0.99802,                   1,               0.995,             0.97476,           0.0016506,          0.00099434,          0.00015949,           0.0081809,           0.0081809,           0.0081809
                 149,            0.013182,           0.0043711,          0.00065777,             0.99845,                   1,               0.995,             0.97012,           0.0016593,          0.00099636,          0.00011502,           0.0081685,           0.0081685,           0.0081685
                 150,            0.010362,           0.0041121,          0.00057913,              0.9987,                   1,               0.995,             0.97649,           0.0016819,          0.00098035,          0.00011842,           0.0081561,           0.0081561,           0.0081561
                 151,            0.012057,           0.0040345,          0.00063595,             0.99866,                   1,               0.995,             0.97489,           0.0016186,          0.00098173,          0.00013706,           0.0081437,           0.0081437,           0.0081437
                 152,            0.013239,           0.0043191,           0.0006329,             0.99879,                   1,               0.995,             0.96972,           0.0018493,          0.00097201,          0.00014199,           0.0081314,           0.0081314,           0.0081314
                 153,            0.012602,            0.003943,          0.00076626,             0.99863,                   1,               0.995,             0.97513,           0.0017867,           0.0010499,          0.00011924,            0.008119,            0.008119,            0.008119
                 154,            0.011066,           0.0042037,           0.0010729,             0.99869,                   1,               0.995,             0.97894,           0.0016202,          0.00097865,          0.00013672,           0.0081066,           0.0081066,           0.0081066
                 155,            0.010876,           0.0040745,          0.00077366,             0.99852,                   1,               0.995,             0.97738,           0.0018045,           0.0010493,          0.00010668,           0.0080942,           0.0080942,           0.0080942
                 156,            0.011306,           0.0042025,          0.00082241,             0.99839,                   1,               0.995,             0.97523,            0.001675,           0.0010777,          0.00012031,           0.0080819,           0.0080819,           0.0080819
                 157,            0.012108,             0.00413,          0.00060777,              0.9984,                   1,               0.995,              0.9737,           0.0017387,          0.00095357,          0.00012676,           0.0080695,           0.0080695,           0.0080695
                 158,            0.013154,           0.0040718,          0.00056671,             0.99849,                   1,               0.995,              0.9766,           0.0016786,           0.0010247,          0.00010622,           0.0080571,           0.0080571,           0.0080571
                 159,             0.01024,           0.0042356,           0.0005516,             0.99862,                   1,               0.995,             0.96652,           0.0020293,            0.001071,          0.00011053,           0.0080447,           0.0080447,           0.0080447
                 160,            0.011025,           0.0040084,          0.00050433,              0.9983,                   1,               0.995,             0.97433,           0.0016429,          0.00098617,           0.0001139,           0.0080324,           0.0080324,           0.0080324
                 161,            0.010284,           0.0038777,          0.00054308,              0.9987,                   1,               0.995,              0.9751,            0.001715,            0.000961,          0.00011841,             0.00802,             0.00802,             0.00802
                 162,            0.011206,           0.0039852,           0.0016264,             0.99878,                   1,               0.995,             0.97029,           0.0018331,           0.0009976,          9.4748e-05,           0.0080076,           0.0080076,           0.0080076
                 163,            0.010678,           0.0041627,           0.0013911,             0.99823,                   1,               0.995,             0.96828,           0.0016737,           0.0010099,          0.00011542,           0.0079953,           0.0079953,           0.0079953
                 164,            0.010852,           0.0043774,           0.0010918,              0.9988,                   1,               0.995,             0.97522,           0.0017302,           0.0010093,           0.0001121,           0.0079829,           0.0079829,           0.0079829
                 165,            0.011285,           0.0041823,          0.00088639,             0.99862,                   1,               0.995,             0.97372,           0.0016338,           0.0010096,          0.00013051,           0.0079705,           0.0079705,           0.0079705
                 166,            0.010919,           0.0041671,           0.0014596,             0.99872,                   1,               0.995,             0.97489,           0.0017186,          0.00098952,          0.00016509,           0.0079581,           0.0079581,           0.0079581
                 167,             0.01095,           0.0041911,           0.0020193,             0.99878,                   1,               0.995,             0.97183,           0.0017566,           0.0010352,          0.00012341,           0.0079457,           0.0079457,           0.0079457
                 168,            0.011199,           0.0044186,           0.0011835,             0.99819,                   1,               0.995,             0.97393,           0.0017019,          0.00096009,          0.00012327,           0.0079334,           0.0079334,           0.0079334
                 169,             0.01098,           0.0039977,           0.0011892,             0.99894,                   1,               0.995,              0.9765,           0.0017595,          0.00095694,          0.00014512,            0.007921,            0.007921,            0.007921
                 170,            0.010806,           0.0040082,           0.0011592,             0.99848,                   1,               0.995,              0.9754,           0.0016615,           0.0010261,          0.00011194,           0.0079086,           0.0079086,           0.0079086
                 171,            0.010456,           0.0043688,          0.00061697,             0.99842,                   1,               0.995,             0.97292,           0.0016927,           0.0009773,            0.000118,           0.0078963,           0.0078963,           0.0078963
                 172,            0.010134,           0.0040935,           0.0011596,             0.99854,                   1,               0.995,             0.97352,           0.0016763,          0.00099761,          0.00010278,           0.0078839,           0.0078839,           0.0078839
                 173,            0.011198,            0.004276,           0.0010395,              0.9985,                   1,               0.995,             0.97759,           0.0016336,          0.00093255,          0.00012617,           0.0078715,           0.0078715,           0.0078715
                 174,            0.010939,           0.0040724,          0.00068446,             0.99876,                   1,               0.995,             0.97534,           0.0016429,          0.00095737,          0.00011209,           0.0078591,           0.0078591,           0.0078591
                 175,             0.01334,           0.0041351,          0.00083584,             0.99818,                   1,               0.995,             0.97359,           0.0017335,           0.0010021,           0.0001066,           0.0078467,           0.0078467,           0.0078467
                 176,            0.011538,            0.004132,           0.0011576,             0.99852,                   1,               0.995,             0.97444,           0.0017519,            0.001082,           0.0001431,           0.0078344,           0.0078344,           0.0078344
                 177,            0.010789,           0.0038867,          0.00072086,             0.99872,                   1,               0.995,             0.97427,            0.001682,          0.00097301,          0.00010975,            0.007822,            0.007822,            0.007822
                 178,            0.010894,           0.0041627,           0.0011305,              0.9981,                   1,               0.995,             0.97464,           0.0016468,            0.001056,          0.00012843,           0.0078096,           0.0078096,           0.0078096
                 179,            0.010644,           0.0039964,           0.0006999,             0.99859,                   1,               0.995,              0.9717,           0.0017028,          0.00094024,           0.0001265,           0.0077973,           0.0077973,           0.0077973
                 180,            0.010817,           0.0040146,          0.00061868,             0.99883,                   1,               0.995,             0.97725,            0.001601,          0.00093654,          0.00010432,           0.0077849,           0.0077849,           0.0077849
                 181,            0.011523,           0.0040466,           0.0010224,             0.99843,                   1,               0.995,             0.97636,            0.001615,           0.0009893,          0.00013225,           0.0077725,           0.0077725,           0.0077725
                 182,            0.011568,           0.0041434,          0.00055894,             0.99845,                   1,               0.995,              0.9744,           0.0017598,           0.0010284,          0.00011677,           0.0077601,           0.0077601,           0.0077601
                 183,            0.011638,           0.0042918,          0.00068527,             0.99841,                   1,               0.995,             0.97255,           0.0017032,          0.00099839,          0.00011199,           0.0077478,           0.0077478,           0.0077478
                 184,             0.01071,           0.0039058,          0.00064708,              0.9989,                   1,               0.995,             0.97228,           0.0017504,          0.00098253,          0.00012142,           0.0077354,           0.0077354,           0.0077354
                 185,            0.012443,           0.0040501,          0.00065334,             0.99873,                   1,               0.995,             0.97644,           0.0016159,          0.00097209,          0.00011372,            0.007723,            0.007723,            0.007723
                 186,            0.012003,           0.0042297,          0.00069544,             0.99833,                   1,               0.995,             0.97688,           0.0017226,           0.0010722,          0.00012118,           0.0077106,           0.0077106,           0.0077106
                 187,            0.011614,           0.0040953,          0.00093855,             0.99864,                   1,               0.995,             0.97648,           0.0016665,           0.0010201,          0.00011642,           0.0076983,           0.0076983,           0.0076983
                 188,            0.010481,           0.0038825,          0.00054486,             0.99883,                   1,               0.995,             0.97735,           0.0017544,           0.0010098,          0.00013991,           0.0076859,           0.0076859,           0.0076859
                 189,             0.01083,           0.0040588,          0.00065522,             0.99851,                   1,               0.995,             0.97506,           0.0016337,          0.00093133,          0.00010365,           0.0076735,           0.0076735,           0.0076735
                 190,            0.010904,           0.0041449,          0.00040755,             0.99861,                   1,               0.995,             0.97738,           0.0015714,           0.0010044,          0.00012492,           0.0076611,           0.0076611,           0.0076611
                 191,            0.010546,            0.004117,          0.00082028,             0.99862,                   1,               0.995,             0.97704,           0.0016263,          0.00099647,          0.00012066,           0.0076488,           0.0076488,           0.0076488
                 192,             0.01031,           0.0041875,          0.00082865,             0.99878,                   1,               0.995,             0.97713,           0.0017197,          0.00098551,          0.00011821,           0.0076364,           0.0076364,           0.0076364
                 193,           0.0095929,           0.0039005,          0.00053695,             0.99873,                   1,               0.995,             0.97725,           0.0016324,          0.00098369,          0.00011371,            0.007624,            0.007624,            0.007624
                 194,            0.010869,            0.003908,           0.0004848,             0.99861,                   1,               0.995,             0.97249,           0.0016417,          0.00097775,          0.00011848,           0.0076116,           0.0076116,           0.0076116
                 195,            0.010262,           0.0039573,           0.0011596,             0.99888,                   1,               0.995,             0.97657,           0.0016431,          0.00094808,          0.00011784,           0.0075993,           0.0075993,           0.0075993
                 196,            0.010361,           0.0038176,           0.0013297,             0.99883,                   1,               0.995,             0.97087,           0.0018588,           0.0010197,          0.00010756,           0.0075869,           0.0075869,           0.0075869
                 197,           0.0096909,           0.0040207,          0.00081515,              0.9989,                   1,               0.995,             0.97748,           0.0016429,          0.00094855,          0.00010059,           0.0075745,           0.0075745,           0.0075745
                 198,           0.0094339,           0.0038389,          0.00064155,             0.99848,                   1,               0.995,             0.97597,           0.0016664,           0.0009953,           0.0001069,           0.0075621,           0.0075621,           0.0075621
                 199,           0.0097485,           0.0039971,          0.00059097,             0.99824,                   1,               0.995,             0.97628,           0.0015884,          0.00098407,          0.00011041,           0.0075498,           0.0075498,           0.0075498
                 200,            0.010589,             0.00399,          0.00060339,             0.99891,                   1,               0.995,             0.97715,           0.0015754,            0.001014,          0.00010445,           0.0075374,           0.0075374,           0.0075374
                 201,            0.010295,           0.0041251,          0.00051488,             0.99886,                   1,               0.995,              0.9762,           0.0015501,           0.0010055,          0.00011225,            0.007525,            0.007525,            0.007525
                 202,           0.0094449,           0.0038923,          0.00041655,             0.99841,                   1,               0.995,             0.97621,            0.001523,          0.00094236,          0.00011427,           0.0075126,           0.0075126,           0.0075126
                 203,           0.0088889,           0.0037932,          0.00037026,             0.99838,                   1,               0.995,             0.97792,           0.0015318,          0.00097514,          0.00011305,           0.0075003,           0.0075003,           0.0075003
                 204,            0.010743,           0.0039797,          0.00050426,             0.99836,                   1,               0.995,             0.97663,            0.001623,          0.00096179,          0.00012157,           0.0074879,           0.0074879,           0.0074879
                 205,            0.010048,           0.0040698,          0.00066453,             0.99882,                   1,               0.995,             0.97651,           0.0016669,          0.00093186,          0.00010161,           0.0074755,           0.0074755,           0.0074755
                 206,            0.011524,            0.004103,          0.00077768,             0.99863,             0.99979,               0.995,             0.97887,             0.00172,          0.00095785,          9.9821e-05,           0.0074631,           0.0074631,           0.0074631
                 207,           0.0095416,           0.0040325,          0.00068351,             0.99814,                   1,               0.995,             0.97458,           0.0017014,           0.0010394,          9.7437e-05,           0.0074507,           0.0074507,           0.0074507
                 208,            0.011761,           0.0040726,          0.00082432,             0.99832,                   1,               0.995,             0.97577,             0.00167,           0.0010172,          0.00011298,           0.0074384,           0.0074384,           0.0074384
                 209,            0.010379,           0.0043336,          0.00049394,             0.99868,                   1,               0.995,             0.97685,           0.0016003,           0.0010142,          0.00010938,            0.007426,            0.007426,            0.007426
                 210,             0.01029,           0.0039683,           0.0005072,             0.99875,                   1,               0.995,             0.97677,           0.0016374,           0.0010091,          9.7756e-05,           0.0074136,           0.0074136,           0.0074136
                 211,            0.011286,           0.0040953,          0.00052284,             0.99879,                   1,               0.995,             0.97661,           0.0017627,          0.00098367,          9.9096e-05,           0.0074013,           0.0074013,           0.0074013
                 212,            0.010234,           0.0039344,          0.00055542,             0.99842,                   1,               0.995,              0.9752,           0.0016903,           0.0010108,           9.275e-05,           0.0073889,           0.0073889,           0.0073889
                 213,           0.0099153,           0.0037771,          0.00050928,             0.99857,                   1,               0.995,             0.97521,           0.0016158,          0.00096869,            0.000114,           0.0073765,           0.0073765,           0.0073765
                 214,            0.011569,           0.0040032,           0.0006132,             0.99807,                   1,               0.995,             0.97692,           0.0015809,          0.00095636,          0.00012757,           0.0073641,           0.0073641,           0.0073641
                 215,            0.011684,           0.0039243,          0.00098257,             0.99829,                   1,               0.995,             0.97477,           0.0015851,           0.0010079,           0.0001029,           0.0073517,           0.0073517,           0.0073517
                 216,            0.010335,           0.0040478,           0.0014641,             0.99858,                   1,               0.995,             0.97448,           0.0016112,           0.0010061,          0.00010466,           0.0073394,           0.0073394,           0.0073394
                 217,            0.011145,           0.0040409,           0.0011649,             0.99868,                   1,               0.995,              0.9766,           0.0015782,          0.00097551,          0.00011179,            0.007327,            0.007327,            0.007327
                 218,            0.009945,           0.0039076,           0.0010848,              0.9985,                   1,               0.995,             0.97639,           0.0015923,          0.00099112,           0.0001125,           0.0073146,           0.0073146,           0.0073146
                 219,           0.0092575,           0.0039627,          0.00078834,             0.99804,                   1,               0.995,             0.97566,           0.0016425,           0.0010186,          0.00010679,           0.0073023,           0.0073023,           0.0073023
                 220,           0.0089934,           0.0040109,          0.00061218,             0.99799,                   1,               0.995,             0.97741,           0.0016889,          0.00099383,          0.00010254,           0.0072899,           0.0072899,           0.0072899
                 221,           0.0099305,           0.0039655,          0.00058483,              0.9982,                   1,               0.995,             0.97421,           0.0017172,          0.00098901,          9.1767e-05,           0.0072775,           0.0072775,           0.0072775
                 222,           0.0096841,           0.0038429,          0.00088884,             0.99832,                   1,               0.995,             0.97631,           0.0016658,           0.0011099,          9.8691e-05,           0.0072651,           0.0072651,           0.0072651
                 223,           0.0095499,           0.0038294,          0.00062594,             0.99808,                   1,               0.995,              0.9745,           0.0016147,           0.0010034,          0.00010821,           0.0072527,           0.0072527,           0.0072527
                 224,           0.0094523,           0.0039916,           0.0004736,             0.99839,                   1,               0.995,             0.97873,           0.0015904,          0.00097258,          0.00011594,           0.0072404,           0.0072404,           0.0072404
                 225,            0.009018,            0.003742,          0.00033135,             0.99878,                   1,               0.995,             0.97998,           0.0016247,          0.00095999,          0.00010039,            0.007228,            0.007228,            0.007228
                 226,            0.010951,           0.0037114,          0.00072408,              0.9985,                   1,               0.995,             0.97982,            0.001567,          0.00095034,          0.00010002,           0.0072156,           0.0072156,           0.0072156
                 227,            0.010175,           0.0038845,          0.00080666,             0.99906,                   1,               0.995,             0.97801,           0.0016269,           0.0010987,          9.8958e-05,           0.0072033,           0.0072033,           0.0072033
                 228,           0.0096787,           0.0038207,          0.00061311,             0.99884,                   1,               0.995,             0.97847,           0.0015529,           0.0010006,          0.00010382,           0.0071909,           0.0071909,           0.0071909
                 229,           0.0092955,            0.004041,            0.001501,             0.99844,                   1,               0.995,             0.97611,           0.0015737,          0.00097609,          9.8467e-05,           0.0071785,           0.0071785,           0.0071785
                 230,           0.0097432,            0.003935,          0.00069773,             0.99864,                   1,               0.995,             0.97652,           0.0015528,            0.001026,          0.00010222,           0.0071661,           0.0071661,           0.0071661
                 231,           0.0098498,           0.0039938,          0.00054094,             0.99847,                   1,               0.995,             0.97536,           0.0017038,          0.00095451,          0.00011463,           0.0071538,           0.0071538,           0.0071538
                 232,           0.0099323,             0.00388,          0.00076169,             0.99856,                   1,               0.995,             0.97812,           0.0015266,          0.00099904,           0.0001093,           0.0071414,           0.0071414,           0.0071414
                 233,           0.0095543,           0.0035575,          0.00062691,             0.99888,                   1,               0.995,             0.97657,           0.0015781,          0.00095946,          0.00010665,            0.007129,            0.007129,            0.007129
                 234,           0.0085315,           0.0036812,          0.00035119,             0.99893,                   1,               0.995,              0.9766,             0.00155,          0.00094317,          0.00010798,           0.0071166,           0.0071166,           0.0071166
                 235,           0.0093227,             0.00399,          0.00082094,             0.99862,                   1,               0.995,             0.97445,           0.0015585,          0.00097018,          9.8743e-05,           0.0071042,           0.0071042,           0.0071042
                 236,            0.009498,           0.0039616,          0.00042293,             0.99876,                   1,               0.995,             0.97435,           0.0016116,          0.00095939,           0.0001088,           0.0070919,           0.0070919,           0.0070919
                 237,           0.0091749,           0.0036873,           0.0004189,             0.99864,                   1,               0.995,             0.97679,           0.0015767,          0.00096856,          0.00010189,           0.0070795,           0.0070795,           0.0070795
                 238,           0.0092285,           0.0038952,          0.00064537,              0.9984,                   1,               0.995,             0.97742,           0.0016495,           0.0010035,          0.00010683,           0.0070671,           0.0070671,           0.0070671
                 239,           0.0088878,           0.0038579,           0.0004792,             0.99818,                   1,               0.995,              0.9774,           0.0015263,          0.00098928,          0.00010416,           0.0070547,           0.0070547,           0.0070547
                 240,           0.0096831,           0.0038908,          0.00046346,             0.99862,                   1,               0.995,             0.97886,           0.0015456,          0.00093567,          0.00010624,           0.0070424,           0.0070424,           0.0070424
                 241,           0.0095623,           0.0037622,          0.00045752,             0.99889,                   1,               0.995,             0.97676,           0.0014685,          0.00091215,          0.00011464,             0.00703,             0.00703,             0.00703
                 242,            0.010875,           0.0039725,          0.00060164,             0.99823,                   1,               0.995,             0.97831,            0.001511,          0.00089779,          9.3975e-05,           0.0070176,           0.0070176,           0.0070176
                 243,            0.010239,           0.0039923,          0.00049964,             0.99832,                   1,               0.995,             0.97865,            0.001553,          0.00095248,          7.7727e-05,           0.0070053,           0.0070053,           0.0070053
                 244,           0.0099737,           0.0037357,          0.00075022,             0.99847,                   1,               0.995,             0.97618,           0.0016095,          0.00094722,          0.00010037,           0.0069929,           0.0069929,           0.0069929
                 245,           0.0095509,           0.0039733,          0.00054008,             0.99852,                   1,               0.995,             0.97863,           0.0016023,           0.0010007,          9.2421e-05,           0.0069805,           0.0069805,           0.0069805
                 246,           0.0092832,           0.0039209,          0.00067287,             0.99881,                   1,               0.995,             0.97546,           0.0015445,           0.0009873,          9.6583e-05,           0.0069681,           0.0069681,           0.0069681
                 247,           0.0097317,           0.0039383,          0.00055489,             0.99885,                   1,               0.995,             0.97741,           0.0014747,          0.00093595,          0.00011521,           0.0069558,           0.0069558,           0.0069558
                 248,           0.0087658,           0.0039529,          0.00043234,             0.99836,                   1,               0.995,             0.97593,           0.0014995,          0.00098325,          9.1906e-05,           0.0069434,           0.0069434,           0.0069434
                 249,           0.0090566,           0.0038549,           0.0007964,              0.9986,                   1,               0.995,             0.97589,           0.0015564,          0.00095004,          9.4342e-05,            0.006931,            0.006931,            0.006931
                 250,            0.011197,           0.0040029,           0.0013029,             0.99873,                   1,               0.995,             0.97534,           0.0016003,          0.00095618,          9.8143e-05,           0.0069186,           0.0069186,           0.0069186
                 251,           0.0098498,           0.0038174,           0.0020746,             0.99831,                   1,               0.995,             0.97378,           0.0015958,             0.00101,          9.9483e-05,           0.0069063,           0.0069063,           0.0069063
                 252,           0.0096764,           0.0040084,          0.00054146,             0.99822,                   1,               0.995,             0.97624,           0.0015718,          0.00096097,          9.7837e-05,           0.0068939,           0.0068939,           0.0068939
                 253,           0.0094248,           0.0037352,          0.00052765,             0.99839,                   1,               0.995,             0.97694,           0.0015593,          0.00095065,          0.00010687,           0.0068815,           0.0068815,           0.0068815
                 254,           0.0095052,           0.0038539,           0.0004323,             0.99827,                   1,               0.995,             0.97936,           0.0015999,           0.0010288,          9.5596e-05,           0.0068691,           0.0068691,           0.0068691
                 255,           0.0097179,           0.0040591,          0.00082044,              0.9982,                   1,               0.995,             0.97724,             0.00158,           0.0010177,          9.9573e-05,           0.0068568,           0.0068568,           0.0068568
                 256,           0.0091203,           0.0038093,          0.00043905,             0.99862,                   1,               0.995,             0.97246,           0.0016405,          0.00096549,          8.1244e-05,           0.0068444,           0.0068444,           0.0068444
                 257,           0.0090703,           0.0038601,           0.0007726,             0.99884,                   1,               0.995,             0.97445,           0.0015968,          0.00096126,           0.0001053,            0.006832,            0.006832,            0.006832
                 258,           0.0081575,           0.0039109,          0.00065211,             0.99867,                   1,               0.995,             0.97666,           0.0015201,           0.0009229,          0.00010022,           0.0068196,           0.0068196,           0.0068196
                 259,           0.0094376,           0.0038778,          0.00045227,             0.99852,                   1,               0.995,             0.97515,           0.0015627,           0.0010373,          9.8324e-05,           0.0068073,           0.0068073,           0.0068073
                 260,            0.009457,           0.0038062,          0.00049078,             0.99845,                   1,               0.995,             0.97704,            0.001631,           0.0010503,          8.5101e-05,           0.0067949,           0.0067949,           0.0067949
                 261,           0.0095582,           0.0038839,          0.00066004,             0.99806,                   1,               0.995,             0.97816,           0.0015698,          0.00097853,          8.5042e-05,           0.0067825,           0.0067825,           0.0067825
                 262,           0.0086907,           0.0037259,          0.00038565,             0.99832,                   1,               0.995,             0.97952,           0.0015569,          0.00095261,          9.1586e-05,           0.0067701,           0.0067701,           0.0067701
                 263,           0.0098039,           0.0038818,          0.00040646,             0.99827,                   1,               0.995,             0.97682,           0.0015047,          0.00096425,          0.00010647,           0.0067577,           0.0067577,           0.0067577
                 264,           0.0096768,           0.0038818,          0.00037199,             0.99833,                   1,               0.995,             0.97548,           0.0014725,          0.00095654,          0.00010748,           0.0067454,           0.0067454,           0.0067454
                 265,           0.0085903,            0.003889,          0.00039039,             0.99821,                   1,               0.995,             0.97793,           0.0015747,          0.00098485,          8.5721e-05,            0.006733,            0.006733,            0.006733
                 266,           0.0084103,           0.0035922,           0.0004126,             0.99823,                   1,               0.995,             0.97482,           0.0015462,          0.00096368,          9.2263e-05,           0.0067206,           0.0067206,           0.0067206
                 267,           0.0082434,           0.0036306,          0.00036948,              0.9986,                   1,               0.995,             0.97724,           0.0014685,          0.00095065,          9.5024e-05,           0.0067082,           0.0067082,           0.0067082
                 268,           0.0091256,           0.0037082,          0.00037279,             0.99838,                   1,               0.995,             0.97637,           0.0015111,          0.00092674,          8.7934e-05,           0.0066959,           0.0066959,           0.0066959
                 269,           0.0079179,           0.0037132,          0.00042839,             0.99875,                   1,               0.995,             0.97776,           0.0014796,           0.0009165,          9.1577e-05,           0.0066835,           0.0066835,           0.0066835
                 270,           0.0092408,           0.0035681,          0.00036634,             0.99892,                   1,               0.995,             0.97536,           0.0015372,          0.00090874,          8.1067e-05,           0.0066711,           0.0066711,           0.0066711
                 271,           0.0092821,           0.0036987,          0.00068321,             0.99864,                   1,               0.995,             0.97557,           0.0015729,          0.00093025,          9.5658e-05,           0.0066587,           0.0066587,           0.0066587
                 272,           0.0085498,           0.0037201,          0.00074799,             0.99874,                   1,               0.995,             0.97231,           0.0015327,          0.00093555,          9.6703e-05,           0.0066464,           0.0066464,           0.0066464
                 273,           0.0091668,           0.0038729,          0.00063038,             0.99883,                   1,               0.995,             0.97672,           0.0015132,          0.00094871,          8.7249e-05,            0.006634,            0.006634,            0.006634
                 274,           0.0096363,           0.0038634,           0.0016378,             0.99851,                   1,               0.995,             0.97695,           0.0015534,           0.0010168,          9.0723e-05,           0.0066216,           0.0066216,           0.0066216
                 275,            0.008989,           0.0039263,          0.00063942,             0.99833,                   1,               0.995,              0.9735,           0.0015929,          0.00093629,          8.8177e-05,           0.0066092,           0.0066092,           0.0066092
                 276,           0.0093021,           0.0039047,          0.00046467,             0.99861,                   1,               0.995,              0.9788,           0.0014989,          0.00093934,          7.8576e-05,           0.0065969,           0.0065969,           0.0065969
                 277,           0.0089885,           0.0038041,          0.00037108,             0.99829,                   1,               0.995,             0.97923,           0.0015173,           0.0010145,          7.3035e-05,           0.0065845,           0.0065845,           0.0065845
                 278,           0.0087939,           0.0038555,           0.0004142,              0.9985,                   1,               0.995,             0.97812,            0.001536,          0.00096501,          8.5859e-05,           0.0065721,           0.0065721,           0.0065721
                 279,           0.0091187,            0.003845,          0.00094493,             0.99839,                   1,               0.995,             0.97785,           0.0014881,          0.00093385,          8.6813e-05,           0.0065598,           0.0065598,           0.0065598
                 280,           0.0093335,           0.0037281,          0.00079384,             0.99878,                   1,               0.995,              0.9772,           0.0015852,          0.00092666,          8.5874e-05,           0.0065474,           0.0065474,           0.0065474
                 281,           0.0098219,           0.0038295,           0.0015789,              0.9987,                   1,               0.995,             0.97739,           0.0015539,          0.00089976,           8.848e-05,            0.006535,            0.006535,            0.006535
                 282,           0.0087013,           0.0040222,          0.00065541,             0.99824,                   1,               0.995,             0.97808,            0.001545,           0.0009367,           9.182e-05,           0.0065226,           0.0065226,           0.0065226
                 283,           0.0086766,           0.0037366,          0.00041127,             0.99854,                   1,               0.995,             0.97679,           0.0015298,          0.00091077,          7.8444e-05,           0.0065102,           0.0065102,           0.0065102
                 284,           0.0087765,           0.0040154,          0.00032459,             0.99842,                   1,               0.995,             0.97424,           0.0015772,          0.00095485,          8.2002e-05,           0.0064979,           0.0064979,           0.0064979
                 285,           0.0090865,           0.0037684,           0.0003653,             0.99813,                   1,               0.995,             0.97642,           0.0015349,          0.00094225,          8.6913e-05,           0.0064855,           0.0064855,           0.0064855
                 286,           0.0089739,           0.0039033,          0.00044633,             0.99818,                   1,               0.995,             0.97506,           0.0015597,          0.00092109,          8.8601e-05,           0.0064731,           0.0064731,           0.0064731
                 287,           0.0084787,           0.0038103,          0.00032843,             0.99811,                   1,               0.995,             0.97597,           0.0015984,          0.00093805,             7.4e-05,           0.0064608,           0.0064608,           0.0064608
                 288,           0.0082829,           0.0039021,          0.00032306,             0.99822,                   1,               0.995,             0.97683,            0.001505,          0.00092207,          8.1744e-05,           0.0064484,           0.0064484,           0.0064484
                 289,           0.0080147,            0.003666,          0.00031565,             0.99819,                   1,               0.995,             0.97703,           0.0014984,           0.0009859,          8.6408e-05,            0.006436,            0.006436,            0.006436
                 290,            0.010899,           0.0038457,          0.00052309,              0.9984,                   1,               0.995,             0.97813,           0.0015046,          0.00093489,          8.7309e-05,           0.0064236,           0.0064236,           0.0064236
                 291,            0.010613,           0.0038212,          0.00056358,             0.99872,                   1,               0.995,             0.97418,           0.0015269,           0.0009315,          7.6356e-05,           0.0064112,           0.0064112,           0.0064112
                 292,           0.0091987,           0.0037857,          0.00049403,             0.99858,                   1,               0.995,               0.977,           0.0015072,          0.00093061,          8.9192e-05,           0.0063989,           0.0063989,           0.0063989
                 293,           0.0088741,           0.0037777,          0.00047267,             0.99854,                   1,               0.995,              0.9757,           0.0015551,           0.0009252,          9.8357e-05,           0.0063865,           0.0063865,           0.0063865
                 294,           0.0095943,           0.0037102,            0.002525,             0.99836,                   1,               0.995,             0.97597,           0.0015472,          0.00092211,          8.7261e-05,           0.0063741,           0.0063741,           0.0063741
                 295,           0.0094011,           0.0039488,          0.00053065,             0.99847,                   1,               0.995,             0.97588,           0.0015611,          0.00099224,          8.9779e-05,           0.0063618,           0.0063618,           0.0063618
                 296,             0.01018,           0.0037932,          0.00062438,             0.99854,                   1,               0.995,             0.97827,           0.0014955,          0.00095309,          8.9264e-05,           0.0063494,           0.0063494,           0.0063494
                 297,           0.0090895,           0.0037936,          0.00042331,             0.99847,                   1,               0.995,              0.9775,           0.0014969,          0.00094857,          8.7562e-05,            0.006337,            0.006337,            0.006337
                 298,           0.0097624,            0.003855,          0.00042656,             0.99872,                   1,               0.995,             0.97737,           0.0015651,          0.00096325,          7.5872e-05,           0.0063246,           0.0063246,           0.0063246
                 299,           0.0080621,           0.0035153,           0.0003111,             0.99849,                   1,               0.995,             0.97677,           0.0015062,          0.00094489,          7.3514e-05,           0.0063122,           0.0063122,           0.0063122
                 300,           0.0088315,           0.0036386,          0.00052757,              0.9984,                   1,               0.995,             0.97622,           0.0015073,          0.00092722,          8.3637e-05,           0.0062999,           0.0062999,           0.0062999
                 301,            0.010653,           0.0039793,           0.0007762,             0.99866,                   1,               0.995,              0.9757,           0.0015082,          0.00089996,          6.9561e-05,           0.0062875,           0.0062875,           0.0062875
                 302,           0.0090682,           0.0036294,          0.00040591,             0.99811,                   1,               0.995,             0.97817,           0.0015603,          0.00093253,          7.1101e-05,           0.0062751,           0.0062751,           0.0062751
                 303,           0.0084341,           0.0036832,          0.00060535,             0.99809,                   1,               0.995,             0.97578,           0.0015779,           0.0010022,          8.1642e-05,           0.0062628,           0.0062628,           0.0062628
                 304,           0.0087756,           0.0036976,          0.00061165,             0.99799,                   1,               0.995,              0.9766,           0.0015021,          0.00094922,          8.3046e-05,           0.0062504,           0.0062504,           0.0062504
                 305,           0.0098571,           0.0038288,          0.00046598,             0.99847,                   1,               0.995,             0.97704,            0.001466,           0.0009909,          8.7185e-05,            0.006238,            0.006238,            0.006238
                 306,           0.0089016,            0.003718,          0.00030118,             0.99802,                   1,               0.995,             0.97552,           0.0015367,            0.000935,          8.9092e-05,           0.0062256,           0.0062256,           0.0062256
                 307,            0.008307,           0.0036479,          0.00027664,             0.99882,                   1,               0.995,             0.97431,           0.0014915,            0.000949,          8.4443e-05,           0.0062132,           0.0062132,           0.0062132
                 308,           0.0086012,           0.0036323,          0.00046672,             0.99903,                   1,               0.995,             0.97606,           0.0014856,           0.0008883,          7.7806e-05,           0.0062009,           0.0062009,           0.0062009
                 309,             0.01016,           0.0036633,          0.00064781,             0.99865,                   1,               0.995,             0.97398,           0.0015403,          0.00092849,          6.3822e-05,           0.0061885,           0.0061885,           0.0061885
                 310,           0.0096045,           0.0037844,          0.00063094,             0.99865,                   1,               0.995,             0.97636,            0.001503,          0.00092664,          7.4167e-05,           0.0061761,           0.0061761,           0.0061761
                 311,           0.0083484,           0.0036883,          0.00042044,             0.99839,                   1,               0.995,             0.97553,           0.0014958,          0.00092332,          7.7381e-05,           0.0061637,           0.0061637,           0.0061637
                 312,           0.0093816,              0.0038,          0.00097682,             0.99865,                   1,               0.995,             0.97606,           0.0015227,          0.00091405,          7.8115e-05,           0.0061514,           0.0061514,           0.0061514
                 313,             0.01075,           0.0038164,          0.00098658,             0.99867,                   1,               0.995,             0.97676,           0.0015359,          0.00092824,          8.5444e-05,            0.006139,            0.006139,            0.006139
                 314,           0.0094707,           0.0038231,          0.00058111,             0.99878,                   1,               0.995,             0.97572,           0.0015448,          0.00093833,          7.9718e-05,           0.0061266,           0.0061266,           0.0061266
                 315,           0.0081528,           0.0038628,          0.00053132,             0.99867,                   1,               0.995,              0.9762,           0.0015272,          0.00093642,          8.3761e-05,           0.0061142,           0.0061142,           0.0061142
                 316,            0.008298,           0.0037961,          0.00045253,             0.99875,                   1,               0.995,             0.97772,           0.0015414,          0.00095959,          7.3309e-05,           0.0061019,           0.0061019,           0.0061019
                 317,           0.0093272,           0.0037789,          0.00047879,             0.99868,                   1,               0.995,             0.97666,            0.001611,          0.00095096,          7.3681e-05,           0.0060895,           0.0060895,           0.0060895
                 318,           0.0081953,           0.0037633,          0.00038703,             0.99863,                   1,               0.995,             0.97726,           0.0015799,          0.00092616,          8.1878e-05,           0.0060771,           0.0060771,           0.0060771
                 319,           0.0082512,           0.0038789,          0.00071197,             0.99828,                   1,               0.995,             0.97609,           0.0015841,           0.0009751,          7.4713e-05,           0.0060647,           0.0060647,           0.0060647
                 320,           0.0085147,           0.0035773,          0.00063801,             0.99873,                   1,               0.995,             0.97824,            0.001528,          0.00091079,           7.324e-05,           0.0060524,           0.0060524,           0.0060524
                 321,           0.0087126,           0.0036893,          0.00039378,             0.99883,                   1,               0.995,             0.97799,           0.0015003,          0.00094792,          6.2778e-05,             0.00604,             0.00604,             0.00604
                 322,           0.0083534,           0.0037079,          0.00037885,             0.99854,                   1,               0.995,             0.97972,             0.00147,          0.00089526,          5.6914e-05,           0.0060276,           0.0060276,           0.0060276
                 323,           0.0082144,           0.0036348,          0.00033611,             0.99857,                   1,               0.995,             0.97799,           0.0014636,          0.00089925,          6.1672e-05,           0.0060152,           0.0060152,           0.0060152
                 324,           0.0097084,           0.0038014,           0.0004426,             0.99871,                   1,               0.995,             0.97752,           0.0014906,           0.0008925,          7.4868e-05,           0.0060029,           0.0060029,           0.0060029
                 325,           0.0086016,           0.0036691,          0.00041278,             0.99853,                   1,               0.995,             0.97603,           0.0015335,          0.00091543,          8.7805e-05,           0.0059905,           0.0059905,           0.0059905
